Name,Country
Aalto University,Finland
Abu Dhabi University,United Arab Emirates
Academia Sinica,Taiwan
Addgene,United States
Advanced Strategic Technology LLC,United States
ALBA Network,United Kingdom
Alexandria Higher Institute of Engineering and Technology,Egypt
All India Institute of Medical Sciences Delhi,India
Allen Institute,United States
American University of Sovereign Nations,United States
Amsterdam UMC,Netherlands
Arizona State University,United States
Aston University,United Kingdom
Astrophysics Source Code Library,United States
Auckland Bioengineering Institute,New Zealand
Autonomous University of Barcelona,Spain
Banaras Hindu University,India
BarcelonaBeta Brain Research Center,Spain
Baycrest Health Sciences Centre,Canada
Berlin Institute of Health at Charité,Germany
Binghamton University,United States
Biomax Informatics AG,Germany
Brain Dynamics Lab,United States
Brandeis University,United States
Brno University of Technology,Czech Republic
Brown University,United States
Bulgarian Academy of Science Institute of Neurobiology,Bulgaria
Bundeswehr University Munich/brainboost,Germany
Caldwell University,United States
California Digital Library,United States
Carl von Ossietzky University,Germany
Case Western Reserve University,United States
CatalystNeuro,United States
Cedars Sinai Medical Center,United States
Center for Translational Research in Neuroimaging and Data Science (TReNDS),United States
Centro Atómico Bariloche & Instituto Balseiro,Argentina
Champalimaud Research,Portugal
Child Mind Institute,United States
Clínica Ruiz,Mexico
CNRS,France
Codemart,Romania
Cold Spring Harbor Laboratory,United States
Columbia University,United States
Copenhagen University Hospital,Denmark
CRIM,Canada
CRIUGM,Canada
D.E.I.,Italy
Dartmouth College,United States
DataCite,Germany
Datadex Inc.,United States
DataJoint,United States
Dayalbagh Educational Institute,India
Donders Institute,Netherlands
Drexel University College of Medicine,United States
DZNE Berlin,Germany
Edo State University Uzairue,Nigeria
EPFL,Switzerland
F1000Research,United Kingdom
Faculty of Sciences Rabat,Morocco
Federal University of Santa Catarina,Brazil
Figshare,United Kingdom
Flywheel,United States
FOMSCU,Romania
Fondation Campus Biotech Geneva,Switzerland
Fondazione Istituto Italiano di Tecnologia,Italy
Freie Universität Berlin,Germany
Georgia Gwinnett College,United States
Georgia State University,United States
Ghent University,Belgium
GigaScience,China
Glendor,United States
GMIT,Ireland
Goldsmiths,United Kingdom
Government Medical College Amritsar,India
Great Ormond Street Institute of Child Health,United Kingdom
H. Lundbeck A/S,Denmark
Heidelberg University,Germany
Hiroshima University,Japan
Hobart and William Smith Colleges,United States
Holland Bloorview Kids Rehabilitation Hospital,Canada
HSE University,Russia
Humboldt University of Berlin,Germany
Hungarian Academy of Sciences,Hungary
IBM Research,Germany
IMB,Norway
IMEC vzw,Belgium
Indian Institute of Technology,India
Indiana University,United States
Indira Gandhi National Tribal University,India
Indoc Research,Canada
Indonesia Neuroscience Institute,Indonesia
Informed Minds Inc.,Canada
Inria,France
INS,France
Insitute of physiology and pathophysiology,Germany
Institut de la Vision,France
Institut de Neurosciences de la Timone,France
Institut de Neurosiences de la Timone,France
Institut Pasteur,France
Institute for Genome Sciences,United States
Institute of Cognitive Neuroscience and Psychology,Hungary
Institute of Experimental Medicine,Hungary
Instituto Balseiro,Argentina
Instituto Politécnico Nacional,Mexico
International Brain Laboratory,United States
International Center for Neuroscience Research,Poland
International Institute of Information Technology,India
International University,United States
Iranian National Center for Addiction Studies,Iran
Jagiellonian University,Poland
Johns Hopkins University,United States
Jülich Research Centre,Germany
Karolinska Institute,Sweden
King's College London,United Kingdom
Kirchhoff Institute for Physics,Germany
Klinik Lengg AG,Switzerland
Klinik und Poliklinik für Neurologie Neuroimaging und Neuroengineering des experimentellen Schlaganfalls,Germany
Korea Brain Research Institute,South Korea
KTH Royal Institute of Technology,Sweden
Lawrence Berkeley National Lab,United States
Leica Microsystems,Germany
Ludwig Maximilians University,Germany
Mahidol University,Thailand
Massachusetts General Hospital,United States
MathWorks,United States
Matos Academy,Portugal
Max Planck Institute,Germany
Mayo Clinic,United States
MBF Bioscience,United States
McGill University,Canada
McGovern Institute for Brain Research,United States
Medical College of Wisconsin,United States
Medical University of Graz,Austria
Medical University of Lublin,Poland
Medical University Vienna,Austria
Mehran UET,Pakistan
Meritorious Autonomous University of Puebla,Mexico
Michael J Fox Foundation,United States
Missouri State University,United States
MIT,United States
MMMC,Malaysia
MOHH,Singapore
Monash University,Australia
Montreal Geriatrics Institute,Canada
Mount Sinai,United States
MPI für biologische Kybernetik,Germany
MS,United States
Nathan Kline Institute,United States
National and Kapodistrian University of Athens,Greece
National Center for Biological Sciences,India
National Center for Complementary and Integrative Health (NCCIH),United States
National Centre for Biological Sciences,India
National Forensic Sciences University,India
National Institute of Advanced Studies,India
National Institute of Mental Health,United States
Necmettin Erbakan University,Turkey
Necmettin Erbakan University Meram Medical Faculty,Turkey
Nencki Institute,Poland
Nencki Institute of Experimental Biology,Poland
Netaji Nagar College for Women,India
Netherlands Institute for Neuroscience,Netherlands
NeuroCare.AI,United States
NeuroCure Cluster of Excellence at Charité Universitätsmedizin,Germany
Neuromatch,United States
NeuroPSI,France
NeuroPSI CNRS,France
Neuroscience Society of Nepal,Nepal
New Mexico State University,United States
New York University,United States
NIH,United States
NIMH,United States
Ninguna,Spain
Nirma University,India
NMSU,United States
Northeastern University,United States
NYU/MPI,United States
Okinawa Institute of Science and Technology Graduate University,Japan
Olabisi Onabanjo University,Nigeria
One Mind,United States
Ontario Brain Institute,Canada
OpenWorm Foundation,United States
Paris Brain Institute,France
Paris Saclay Institute of Neuroscience,France
Pasteur Institute,France
Pázmány Péter Catholic University,Hungary
Penn State University,United States
Philips University of Marburg,Germany
Polish Japanese Academy of Information Technology,Poland
Polytechnique Montreal,Canada
Princeton University,United States
Purdue University,United States
Radboud University,Netherlands
Radboud University Nijmegen,Netherlands
Research Center Jülich,Germany
Research Centre for Natural Sciences,Hungary
RIKEN,Japan
Rotman Research Institute at Baycrest,Canada
Royal Institute of Technology,Sweden
Ruhr University Bochum,Germany
Ruhr Universität Bochum,Germany
Sage Bionetworks,United States
Salk Institute for Biological Studies,United States
São Carlos Institute of Physics University of São Paulo,Brazil
Sapienza University of Rome,Italy
Scalable minds GmbH,Germany
Scuola Superiore Sant'Anna,Italy
Shanghai Mental Health Center,China
Sheffield Hallam University,United Kingdom
Shoolini University,India
Simon Fraser University,Canada
Sirindhorn International Institute of Technology,Thailand
Smith Kettlewell Eye Research Institute,United States
St. Joseph's College,United States
St. Michael's Hospital,Canada
Stanford University,United States
Starlab Barcelona SL,Spain
Suez Canal University,Egypt
SUNY,United States
Tanenbaum Open Science Institute,Canada
Technion Israel Institute of Technology,Israel
Technische Universität Berlin,Germany
Tel Aviv University,Israel
The Alan Turing Institute,United Kingdom
The American University in Cairo,Egypt
The Clinical Hospital of Chengdu Brain Science Institute,China
The Kavli Foundation,United States
The Michael J. Fox Foundation,United States
The Overlake School,United States
The Salk Institute for Biological Studies,United States
The University of Pennsylvania,United States
The University of Texas,United States
Thomas Jefferson University,United States
Tongmyong University,South Korea
Tor Vergata University of Rome,Italy
Tribhuvan University,Nepal
TVB,United Kingdom
UAB,Spain
UADE,Argentina
UBC/UW,Canada
UCL GOSICH,United Kingdom
UCLA,United States
UCSD,United States
UNF,United States
United Institute of Informatics Problems,Belarus
Universität Oldenburg,Germany
Universidad de Antioquia,Colombia
Universidad Nacional de Colombia,Colombia
Università degli Studi di Pavia,Italy
Universität Bonn,Germany
Universität Salzburg,Austria
Universitätsklinikum Bonn,Germany
Université Catholique de Louvain,Belgium
Université de Bordeaux,France
Université de Montréal,Canada
Université Libre de Bruxelles,Belgium
Universiti Of Kuala Lumpur,Malaysia
Universiti Teknologi PETRONAS,Malaysia
University at Albany,United States
University College London,United Kingdom
University Health Network,Canada
University Hospital Würzburg,Germany
University Hospitale Cologne,Germany
University Mohammed V in Rabat,Morocco
University of Arkansas for Medical Sciences,United States
University of Auckland,New Zealand
University of Belgrade,Serbia
University of Bern,Switzerland
University of Birmingham,United Kingdom
University of Bordeaux,France
University of Bristol,United Kingdom
University of British Columbia,Canada
University of Calgary,Canada
University of California San Diego,United States
University of California Berkeley,United States
University of California Davis,United States
University of California Irvine,United States
University of California San Francisco,United States
University of Cambridge,United Kingdom
University of Chile,Chile
University of Edinburgh,United Kingdom
University of Electronic Science and Technology of China,China
University of Ghana,Ghana
University of Giessen,Germany
University of Göttingen,Germany
University of Heidelberg,Germany
University of Hertfordshire,United Kingdom
University of Hyderabad,India
University of Ibadan College of Medicine,Nigeria
University of Illinois,United States
University of Maryland,United States
University of Massachusetts Medical School,United States
University of Melbourne,Australia
University of Nairobi,Kenya
University of Nevada Las Vegas,United States
University of Oslo,Norway
University of Pennsylvania,United States
University of Pittsburgh,United States
University of Potsdam,Germany
University of Queensland,Australia
University of Stirling,United Kingdom
University of Surrey,United Kingdom
University of Sussex,United Kingdom
University of Texas at San Antonio,United States
University of the Witwatersrand,South Africa
University of Toronto,Canada
University of Trento,Italy
University of Tübingen,Germany
University of Uyo,Nigeria
University of Valladolid,Spain
University of Victoria,Canada
University of Vienna,Austria
University of Virginia,United States
University of Washington,United States
University of Washington eScience Institute,United States
University of West Bohemia,Czech Republic
University of Western Ontario,Canada
University of Wurzburg,Germany
University of Geneva,Switzerland
Vielight,Canada
Western University,Canada
Yale University,United States